track_name,artist_name,total_streams,daily_streams,genre,danceability,energy,key,loudness,mode,speechiness,acousticness,instrumentalness,liveness,valence,tempo,duration_ms,time_signature
Blinding Lights,The Weeknd,4560739811.0,1912741.0,canadian contemporary r&b,0.514,0.73,1.0,-5.934,1.0,0.0598,0.00146,9.54e-05,0.0897,0.334,171.005,200040.0,1.0
Shape of You,Ed Sheeran,4096124219.0,1615655.0,pop,0.825,0.652,1.0,-3.183,0.0,0.0802,0.581,0.0,0.0931,0.931,95.977,233713.0,1.0
Someone You Loved,Lewis Capaldi,3671556765.0,1475856.0,pop,0.501,0.405,1.0,-5.679,1.0,0.0319,0.751,0.0,0.105,0.446,109.891,182161.0,1.0
As It Was,Harry Styles,3631721146.0,1533219.0,pop,0.52,0.731,6.0,-5.338,0.0,0.0557,0.342,0.00101,0.311,0.662,173.93,167303.0,6.0
Starboy,The Weeknd,3580694846.0,1852199.0,canadian contemporary r&b,0.679,0.587,7.0,-7.015,1.0,0.276,0.141,6.35e-06,0.137,0.486,186.003,230453.0,7.0
One Dance,Drake,3415975103.0,1335061.0,canadian hip hop,0.792,0.625,1.0,-5.609,1.0,0.0536,0.00776,0.0018,0.329,0.37,103.967,173987.0,1.0
Sweater Weather,The Neighbourhood,3347042932.0,2882322.0,modern alternative rock,0.612,0.807,10.0,-2.81,1.0,0.0336,0.0495,0.0177,0.101,0.398,124.053,240400.0,10.0
Heat Waves,Glass Animals,3195906516.0,1085484.0,gauze pop,0.761,0.525,11.0,-6.9,1.0,0.0944,0.44,6.7e-06,0.0921,0.531,80.87,238805.0,11.0
Say You Won't Let Go,James Arthur,3058174953.0,1706170.0,pop,0.358,0.557,10.0,-7.398,1.0,0.059,0.695,0.0,0.0902,0.494,85.043,211467.0,10.0
Watermelon Sugar,Harry Styles,2876387214.0,726734.0,pop,0.548,0.816,0.0,-4.209,1.0,0.0465,0.122,0.0,0.335,0.557,95.39,174000.0,0.0
Something Just Like This,The Chainsmokers,2867857369.0,1718494.0,electropop,0.617,0.635,11.0,-6.769,0.0,0.0317,0.0498,1.44e-05,0.164,0.446,103.019,247160.0,11.0
Señorita,Shawn Mendes,2864800585.0,809308.0,canadian pop,0.759,0.548,9.0,-6.049,0.0,0.029,0.0392,0.0,0.0828,0.749,116.967,190800.0,9.0
Riptide,Vance Joy,2814684551.0,2278425.0,folk-pop,0.484,0.731,1.0,-6.694,1.0,0.0379,0.431,0.0,0.151,0.51,101.654,204280.0,1.0
Don't Start Now,Dua Lipa,2771380725.0,757455.0,dance pop,0.793,0.793,11.0,-4.521,0.0,0.083,0.0123,0.0,0.0951,0.679,123.95,183290.0,11.0
Another Love,Tom Odell,2741339041.0,1983132.0,chill pop,0.445,0.537,4.0,-8.532,0.0,0.04,0.695,1.65e-05,0.0944,0.131,122.769,244360.0,4.0
Counting Stars,OneRepublic,2694313833.0,1567082.0,piano rock,0.664,0.705,1.0,-4.972,0.0,0.0382,0.0654,0.0,0.115,0.477,122.017,257840.0,1.0
God's Plan,Drake,2639302926.0,761837.0,canadian hip hop,0.754,0.449,7.0,-9.211,1.0,0.109,0.0332,8.29e-05,0.552,0.357,77.169,198973.0,7.0
Yellow,Coldplay,2626921740.0,2635718.0,permanent wave,0.429,0.661,11.0,-7.227,1.0,0.0281,0.00239,0.000121,0.234,0.285,173.372,266773.0,11.0
Thinking out Loud,Ed Sheeran,2612763470.0,993290.0,pop,0.781,0.445,2.0,-6.061,1.0,0.0295,0.474,0.0,0.184,0.591,78.998,281560.0,2.0
I Wanna Be Yours,Arctic Monkeys,2600539866.0,2885563.0,garage rock,0.464,0.417,0.0,-9.345,0.0,0.0256,0.136,0.022,0.0974,0.479,67.528,183956.0,0.0
The Night We Met,Lord Huron,2530389065.0,3162572.0,indie folk,0.545,0.366,2.0,-9.51,1.0,0.0378,0.969,0.267,0.641,0.1,86.997,208212.0,2.0
All of Me,John Legend,2526221573.0,1025845.0,neo soul,0.422,0.264,8.0,-7.064,1.0,0.0322,0.922,0.0,0.132,0.331,119.93,269560.0,8.0
Die For You,The Weeknd,2512821994.0,1639108.0,canadian contemporary r&b,0.586,0.525,1.0,-7.163,0.0,0.0615,0.111,0.0,0.134,0.508,133.629,260253.0,1.0
Demons,Imagine Dragons,2480569277.0,1245723.0,modern rock,0.505,0.71,3.0,-3.015,1.0,0.0321,0.19,0.00025,0.329,0.428,89.938,175200.0,3.0
The Hills,The Weeknd,2470349124.0,1075318.0,canadian contemporary r&b,0.585,0.564,0.0,-7.063,0.0,0.0515,0.0671,0.0,0.135,0.137,113.003,242253.0,0.0
Stressed Out,Twenty One Pilots,2468432998.0,897181.0,modern rock,0.734,0.637,4.0,-5.677,0.0,0.141,0.0462,2.29e-05,0.0602,0.648,169.977,202333.0,4.0
Viva La Vida,Coldplay,2413289601.0,1530579.0,permanent wave,0.486,0.617,5.0,-7.115,0.0,0.0287,0.0954,3.23e-06,0.109,0.417,138.015,242373.0,5.0
HUMBLE.,Kendrick Lamar,2394660376.0,987906.0,conscious hip hop,0.908,0.621,1.0,-6.638,0.0,0.102,0.000282,5.39e-05,0.0958,0.421,150.011,177000.0,1.0
Let Her Go,Passenger,2385500178.0,922287.0,folk-pop,0.479,0.545,7.0,-7.346,1.0,0.0688,0.365,0.0,0.0963,0.243,74.897,252733.0,7.0
Without Me,Eminem,2382715178.0,1641830.0,detroit hip hop,0.908,0.669,7.0,-2.827,1.0,0.0738,0.00286,0.0,0.237,0.662,112.238,290320.0,7.0
Lose Yourself,Eminem,2365079819.0,1217585.0,detroit hip hop,0.692,0.744,2.0,-4.565,1.0,0.257,0.00868,0.000423,0.359,0.0612,171.374,326467.0,2.0
Do I Wanna Know?,Arctic Monkeys,2362406829.0,1129311.0,garage rock,0.548,0.532,5.0,-7.596,1.0,0.0323,0.186,0.000263,0.217,0.405,85.03,272394.0,5.0
Just the Way You Are,Bruno Mars,2359561066.0,2636437.0,dance pop,0.635,0.841,5.0,-5.379,1.0,0.0422,0.0134,0.0,0.0622,0.424,109.021,220734.0,5.0
drivers license,Olivia Rodrigo,2324727875.0,974336.0,pop,0.561,0.431,10.0,-8.81,1.0,0.0578,0.768,1.42e-05,0.106,0.137,143.875,242013.0,10.0
good 4 u,Olivia Rodrigo,2297497513.0,814911.0,pop,0.563,0.664,9.0,-5.044,1.0,0.154,0.335,0.0,0.0849,0.688,166.928,178147.0,9.0
That's What I Like,Bruno Mars,2296532581.0,2854454.0,dance pop,0.853,0.56,1.0,-4.961,1.0,0.0406,0.013,0.0,0.0944,0.86,134.066,206693.0,1.0
In the End,Linkin Park,2296311637.0,2289070.0,alternative metal,0.556,0.864,3.0,-5.87,0.0,0.0584,0.00958,0.0,0.209,0.4,105.143,216880.0,3.0
Let Me Love You,DJ Snake,2295910333.0,1036537.0,edm,0.649,0.716,8.0,-5.371,1.0,0.0349,0.0863,2.63e-05,0.135,0.163,99.988,205947.0,8.0
SAD!,XXXTENTACION,2294402081.0,561201.0,emo rap,0.74,0.613,8.0,-4.88,1.0,0.145,0.258,0.00372,0.123,0.473,75.023,166606.0,8.0
Unforgettable,French Montana,2288895634.0,1176409.0,hip hop,0.726,0.769,6.0,-5.043,1.0,0.123,0.0293,0.0101,0.104,0.733,97.985,233902.0,6.0
Jocelyn Flores,XXXTENTACION,2278538371.0,648481.0,emo rap,0.872,0.391,0.0,-9.144,0.0,0.242,0.469,4.13e-06,0.297,0.437,134.021,119133.0,0.0
Happier,Marshmello,2268196983.0,878022.0,brostep,0.687,0.792,5.0,-2.749,1.0,0.0452,0.191,0.0,0.167,0.671,100.015,214290.0,5.0
Sorry,Justin Bieber,2242363567.0,1070769.0,canadian pop,0.654,0.76,0.0,-3.669,0.0,0.045,0.0797,0.0,0.299,0.41,99.945,200787.0,0.0
Lean On,Major Lazer,2219535850.0,784857.0,dance pop,0.723,0.809,7.0,-3.081,0.0,0.0625,0.00346,0.00123,0.565,0.274,98.007,176561.0,7.0
Smells Like Teen Spirit,Nirvana,2192770639.0,1115607.0,grunge,0.502,0.912,1.0,-4.556,1.0,0.0564,2.55e-05,0.000173,0.106,0.72,116.761,301920.0,1.0
Levitating,Dua Lipa,2190634457.0,855918.0,dance pop,0.702,0.825,6.0,-3.787,0.0,0.0601,0.00883,0.0,0.0674,0.915,102.977,203064.0,6.0
Without Me,Halsey,2132300279.0,660979.0,electropop,0.752,0.488,6.0,-7.05,1.0,0.0705,0.297,9.11e-06,0.0936,0.533,136.041,201661.0,6.0
Take on Me,a-ha,2129502609.0,1059201.0,new romantic,0.573,0.902,6.0,-7.638,0.0,0.054,0.018,0.00125,0.0928,0.876,84.412,225280.0,6.0
Memories,Maroon 5,2125455824.0,999140.0,pop,0.775,0.327,11.0,-7.241,1.0,0.0557,0.841,0.0,0.0821,0.595,91.05,189486.0,11.0
Faded,Alan Walker,2057499357.0,744050.0,electro house,0.468,0.627,6.0,-5.085,1.0,0.0476,0.0281,7.97e-06,0.11,0.159,179.642,212107.0,6.0
Sweet Child O' Mine,Guns N' Roses,2049983026.0,1053623.0,glam metal,0.446,0.952,6.0,-5.321,1.0,0.0523,0.0901,0.0857,0.112,0.624,125.303,356067.0,6.0
Before You Go,Lewis Capaldi,2048830049.0,833219.0,pop,0.459,0.575,3.0,-4.858,1.0,0.0573,0.604,0.0,0.0885,0.183,111.881,215107.0,3.0
7 Years,Lukas Graham,2043431257.0,713484.0,danish pop,0.765,0.473,10.0,-5.829,1.0,0.0514,0.287,0.0,0.391,0.34,119.992,237300.0,10.0
The Box,Roddy Ricch,2041451856.0,695552.0,melodic rap,0.896,0.586,10.0,-6.687,0.0,0.0559,0.104,0.0,0.79,0.642,116.971,196653.0,10.0
Stitches,Shawn Mendes,2035388657.0,914567.0,canadian pop,0.752,0.754,1.0,-6.684,1.0,0.0615,0.0151,0.0,0.0486,0.755,149.789,206880.0,1.0
Moonlight,XXXTENTACION,1990952647.0,844576.0,emo rap,0.921,0.537,9.0,-5.723,0.0,0.0804,0.556,0.00404,0.102,0.711,128.009,135090.0,9.0
I'm Yours,Jason Mraz,1988304153.0,672959.0,acoustic pop,0.698,0.45,11.0,-8.784,1.0,0.0442,0.571,0.0,0.113,0.68,150.999,242040.0,11.0
when the party's over,Billie Eilish,1984602068.0,1225924.0,art pop,0.367,0.111,4.0,-14.084,1.0,0.0972,0.978,3.97e-05,0.0897,0.198,82.642,196077.0,4.0
The Real Slim Shady,Eminem,1975648152.0,1239563.0,detroit hip hop,0.949,0.661,5.0,-4.244,0.0,0.0572,0.0302,0.0,0.0454,0.76,104.504,284200.0,5.0
Pumped Up Kicks,Foster The People,1972492582.0,1106491.0,indietronica,0.733,0.71,5.0,-5.849,0.0,0.0292,0.145,0.115,0.0956,0.965,127.975,239600.0,5.0
Numb,Linkin Park,1964999995.0,1999964.0,alternative metal,0.496,0.863,9.0,-4.153,1.0,0.0381,0.0046,0.0,0.639,0.243,110.018,185587.0,9.0
Radioactive,Imagine Dragons,1964963268.0,749897.0,modern rock,0.448,0.784,9.0,-3.686,1.0,0.0627,0.106,0.000108,0.668,0.236,136.245,186813.0,9.0
Billie Jean,Michael Jackson,1947519787.0,1251649.0,r&b,0.92,0.654,11.0,-3.051,0.0,0.0401,0.0236,0.0153,0.036,0.847,117.046,293827.0,11.0
Sugar,Maroon 5,1940891276.0,679788.0,pop,0.748,0.788,1.0,-7.055,1.0,0.0334,0.0591,0.0,0.0863,0.884,120.076,235493.0,1.0
Africa,TOTO,1939452016.0,1023146.0,album rock,0.671,0.373,9.0,-18.064,1.0,0.0323,0.257,8.01e-05,0.0481,0.732,92.718,295893.0,9.0
Call Out My Name,The Weeknd,1933825036.0,927326.0,canadian contemporary r&b,0.461,0.593,1.0,-4.954,1.0,0.0356,0.17,0.0,0.307,0.175,134.17,228373.0,1.0
The Nights,Avicii,1930949428.0,846598.0,edm,0.527,0.835,6.0,-5.298,1.0,0.0433,0.0166,0.0,0.249,0.654,125.983,176658.0,6.0
Attention,Charlie Puth,1906677878.0,646686.0,pop,0.775,0.613,3.0,-4.586,0.0,0.0542,0.109,2.33e-05,0.134,0.797,100.066,208787.0,3.0
Heathens,Twenty One Pilots,1897553961.0,939487.0,modern rock,0.732,0.396,4.0,-9.348,0.0,0.0286,0.0841,3.58e-05,0.105,0.548,90.024,195920.0,4.0
This Is What You Came For,Calvin Harris,1884656034.0,583798.0,dance pop,0.631,0.927,9.0,-2.787,0.0,0.0332,0.199,0.119,0.148,0.465,123.962,222160.0,9.0
Gangsta's Paradise,Coolio,1882517170.0,1381441.0,g funk,0.647,0.514,8.0,-10.05,1.0,0.0593,0.0655,0.0,0.398,0.386,79.975,240693.0,8.0
Youngblood,5 Seconds of Summer,1874330828.0,595889.0,boy band,0.596,0.854,7.0,-5.114,0.0,0.463,0.0169,0.0,0.124,0.152,120.274,203418.0,7.0
I Like Me Better,Lauv,1870955501.0,877828.0,pop,0.753,0.505,9.0,-7.621,1.0,0.255,0.534,2.58e-06,0.104,0.419,91.972,197437.0,9.0
Maps,Maroon 5,1862585405.0,1279597.0,pop,0.742,0.713,1.0,-5.522,0.0,0.0303,0.0205,0.0,0.059,0.879,120.032,189960.0,1.0
Ride,Twenty One Pilots,1853634484.0,578633.0,modern rock,0.645,0.713,6.0,-5.355,1.0,0.0393,0.00835,0.0,0.113,0.566,74.989,214507.0,6.0
Night Changes,One Direction,1849705278.0,2728422.0,boy band,0.672,0.52,8.0,-7.747,1.0,0.0353,0.859,0.0,0.115,0.37,120.001,226600.0,8.0
Be Alright,Dean Lewis,1846789884.0,742343.0,australian pop,0.553,0.586,11.0,-6.319,1.0,0.0362,0.697,0.0,0.0813,0.443,126.684,196373.0,11.0
I Feel It Coming,The Weeknd,1844013038.0,596635.0,canadian contemporary r&b,0.773,0.82,0.0,-5.897,0.0,0.115,0.394,0.0,0.0739,0.555,92.996,269187.0,0.0
Bad Habits,Ed Sheeran,1839143174.0,496739.0,pop,0.807,0.893,11.0,-3.745,0.0,0.0347,0.0451,2.79e-05,0.366,0.537,126.011,230747.0,11.0
Heather,Conan Gray,1829750753.0,1176453.0,bedroom pop,0.357,0.425,5.0,-7.301,1.0,0.0333,0.584,0.0,0.322,0.27,102.078,198040.0,5.0
I Ain't Worried,OneRepublic,1806545323.0,1103499.0,piano rock,0.704,0.797,0.0,-5.927,1.0,0.0475,0.0826,0.000745,0.0546,0.825,139.994,148486.0,0.0
September,"Earth, Wind & Fire",1802927059.0,1056775.0,disco,0.674,0.832,9.0,-7.892,1.0,0.0308,0.146,5.06e-06,0.138,0.981,125.996,216022.0,9.0
The Less I Know The Better,Tame Impala,1800776636.0,912158.0,australian psych,0.64,0.74,4.0,-4.083,1.0,0.0284,0.0115,0.00678,0.167,0.785,116.879,216320.0,4.0
Have You Ever Seen The Rain,Creedence Clearwater Revival,1799598589.0,1065463.0,classic rock,0.741,0.697,0.0,-7.028,1.0,0.0277,0.0664,2.28e-05,0.133,0.774,116.109,160133.0,0.0
Danza Kuduro,Don Omar,1796266238.0,1193073.0,latin hip hop,0.4,0.915,0.0,-4.89,1.0,0.28,0.0846,0.0,0.0503,0.878,88.917,198773.0,0.0
Sweet but Psycho,Ava Max,1768839937.0,580311.0,pop,0.72,0.706,1.0,-4.719,1.0,0.0473,0.0684,0.0,0.166,0.62,133.002,187436.0,1.0
Ghost,Justin Bieber,1764998479.0,1150339.0,canadian pop,0.601,0.741,2.0,-5.569,1.0,0.0478,0.185,2.91e-05,0.415,0.441,153.96,153190.0,2.0
Highway to Hell,AC/DC,1763315873.0,1269827.0,australian rock,0.574,0.913,6.0,-4.793,0.0,0.133,0.061,0.00158,0.156,0.423,115.728,208400.0,6.0
I Don’t Wanna Live Forever (Fifty Shades Darker),ZAYN,1758573041.0,713238.0,pop,0.731,0.445,0.0,-8.418,1.0,0.0533,0.0586,1.96e-05,0.14,0.106,117.97,247160.0,0.0
deja vu,Olivia Rodrigo,1757783340.0,1039820.0,pop,0.442,0.612,2.0,-7.222,1.0,0.112,0.584,5.7e-06,0.37,0.178,180.917,215507.0,2.0
Dandelions,Ruth B.,1753659615.0,1279365.0,alt z,0.609,0.692,1.0,-2.958,1.0,0.0259,0.0157,0.0,0.0864,0.454,116.959,233720.0,1.0
Beggin',Måneskin,1743896381.0,881078.0,indie rock italiano,0.714,0.8,11.0,-4.808,0.0,0.0504,0.127,0.0,0.359,0.589,134.002,211560.0,11.0
Woman,Doja Cat,1741943019.0,980695.0,dance pop,0.824,0.764,5.0,-4.175,0.0,0.0854,0.0888,0.00294,0.117,0.881,107.998,172627.0,5.0
death bed (coffee for your head),Powfu,1738422196.0,554959.0,sad lo-fi,0.726,0.431,8.0,-8.765,0.0,0.135,0.731,0.0,0.696,0.348,144.026,173333.0,8.0
Mask Off,Future,1720655998.0,857793.0,atl hip hop,0.833,0.434,2.0,-8.795,1.0,0.431,0.0102,0.0219,0.165,0.281,150.062,204600.0,2.0
Redbone,Childish Gambino,1702876723.0,578016.0,atl hip hop,0.745,0.353,1.0,-10.614,1.0,0.0983,0.174,0.00662,0.118,0.598,160.111,326933.0,1.0
Back In Black,AC/DC,1702334582.0,973707.0,australian rock,0.31,0.7,9.0,-5.678,1.0,0.047,0.011,0.00965,0.0828,0.763,188.386,255493.0,9.0
Everybody Dies In Their Nightmares,XXXTENTACION,1698715784.0,827022.0,emo rap,0.734,0.57,7.0,-7.066,0.0,0.133,0.847,2.14e-05,0.112,0.689,129.953,95467.0,7.0
What Do You Mean?,Justin Bieber,1691441369.0,718799.0,canadian pop,0.845,0.567,5.0,-8.118,0.0,0.0956,0.59,0.00142,0.0811,0.793,125.02,205680.0,5.0
I Fall Apart,Post Malone,1684074644.0,308212.0,dfw rap,0.556,0.538,8.0,-5.408,0.0,0.0382,0.0689,0.0,0.196,0.291,143.95,223347.0,8.0
Thunderstruck,AC/DC,1661985080.0,871825.0,australian rock,0.502,0.89,4.0,-5.175,1.0,0.0364,0.000147,0.0117,0.217,0.259,133.52,292880.0,4.0
Rude,MAGIC!,1639736106.0,1114813.0,pop,0.773,0.758,1.0,-4.993,1.0,0.0381,0.0422,0.0,0.305,0.925,144.033,224840.0,1.0
Young Dumb & Broke,Khalid,1626250746.0,655735.0,pop,0.799,0.539,1.0,-6.351,1.0,0.0421,0.199,1.66e-05,0.165,0.394,136.948,202547.0,1.0
Cold Water,Major Lazer,1612036233.0,499050.0,dance pop,0.608,0.798,6.0,-5.092,0.0,0.0432,0.0736,0.0,0.156,0.501,92.943,185360.0,6.0
Daddy Issues,The Neighbourhood,1610701731.0,1237697.0,modern alternative rock,0.588,0.521,10.0,-9.461,1.0,0.0329,0.0678,0.149,0.123,0.337,85.012,260173.0,10.0
I Want It That Way,Backstreet Boys,1598101223.0,951174.0,boy band,0.689,0.694,6.0,-5.83,0.0,0.027,0.257,0.0,0.148,0.482,99.039,213307.0,6.0
One Last Time,Ariana Grande,1596342454.0,931105.0,pop,0.628,0.593,8.0,-5.036,1.0,0.0323,0.093,1.65e-06,0.096,0.104,125.026,197267.0,8.0
Hope,XXXTENTACION,1573482808.0,979754.0,emo rap,0.592,0.457,9.0,-6.081,0.0,0.0603,0.661,0.000331,0.146,0.225,146.04,110886.0,9.0
you broke me first,Tate McRae,1567878603.0,1031330.0,alt z,0.667,0.373,4.0,-9.389,1.0,0.05,0.785,0.0,0.0906,0.0823,124.148,169266.0,4.0
Dark Horse,Katy Perry,1565333452.0,829342.0,pop,0.647,0.585,6.0,-6.123,1.0,0.0512,0.00314,0.0,0.165,0.353,131.934,215672.0,6.0
The Middle,Zedd,1560682357.0,371612.0,complextro,0.753,0.657,7.0,-3.061,1.0,0.0449,0.171,0.0,0.112,0.437,107.01,184732.0,7.0
Old Town Road,Lil Nas X,1559879068.0,199839.0,lgbtq+ hip hop,0.878,0.619,6.0,-5.56,1.0,0.102,0.0533,0.0,0.113,0.639,136.041,157067.0,6.0
Revenge,XXXTENTACION,1556021707.0,1306134.0,emo rap,0.746,0.251,11.0,-16.169,0.0,0.259,0.782,0.00203,0.106,0.18,139.999,120027.0,11.0
Apocalypse,Cigarettes After Sex,1554002936.0,1968385.0,ambient pop,0.369,0.467,5.0,-9.018,1.0,0.0274,0.0194,0.46,0.109,0.174,94.473,290147.0,5.0
Fortunate Son,Creedence Clearwater Revival,1536106159.0,941739.0,classic rock,0.64,0.663,0.0,-7.516,1.0,0.0374,0.201,0.00806,0.152,0.663,132.77,140773.0,0.0
In the Name of Love,Martin Garrix,1521015273.0,402933.0,dutch edm,0.501,0.519,4.0,-5.88,0.0,0.0409,0.109,0.0,0.454,0.168,133.99,195707.0,4.0
positions,Ariana Grande,1511342856.0,555490.0,pop,0.737,0.802,0.0,-4.771,1.0,0.0878,0.468,0.0,0.0931,0.682,144.015,172325.0,0.0
ROXANNE,Arizona Zervas,1511209856.0,261194.0,pop rap,0.621,0.601,6.0,-5.616,0.0,0.148,0.0522,0.0,0.46,0.457,116.735,163636.0,6.0
Dark Red,Steve Lacy,1506182845.0,1329662.0,afrofuturism,0.603,0.784,6.0,-4.023,1.0,0.062,0.446,8.32e-06,0.119,0.769,172.041,173104.0,6.0
Chop Suey!,System Of A Down,1498638343.0,928957.0,alternative metal,0.417,0.934,7.0,-3.908,0.0,0.119,0.000278,0.0015,0.132,0.287,127.066,210240.0,7.0
Stronger,Kanye West,1486173243.0,590462.0,chicago rap,0.617,0.717,10.0,-7.858,0.0,0.153,0.00564,0.0,0.408,0.49,103.992,311867.0,10.0
Waiting For Love,Avicii,1481114939.0,534316.0,edm,0.579,0.736,6.0,-3.863,0.0,0.0527,0.31,0.0,0.198,0.613,127.999,230613.0,6.0
cardigan,Taylor Swift,1477962168.0,1072316.0,pop,0.613,0.581,0.0,-8.588,0.0,0.0424,0.537,0.000345,0.25,0.551,130.033,239560.0,0.0
LOVE. FEAT. ZACARI.,Kendrick Lamar,1455790280.0,675827.0,conscious hip hop,0.8,0.585,10.0,-7.343,1.0,0.0924,0.264,0.0,0.153,0.779,126.058,213400.0,10.0
Poker Face,Lady Gaga,1452329760.0,1067618.0,art pop,0.851,0.806,4.0,-4.62,1.0,0.0787,0.118,1.64e-06,0.121,0.787,118.999,237200.0,4.0
Classic,MKTO,1448932236.0,682636.0,pop,0.72,0.791,1.0,-4.689,1.0,0.124,0.0384,0.0,0.157,0.756,102.071,175427.0,1.0
Better,Khalid,1446432974.0,681405.0,pop,0.596,0.552,0.0,-10.278,0.0,0.097,0.0765,0.334,0.104,0.112,97.949,229320.0,0.0
Young And Beautiful,Lana Del Rey,1441066845.0,1082928.0,art pop,0.324,0.416,11.0,-8.92,0.0,0.0368,0.262,3.69e-05,0.11,0.151,113.986,236053.0,11.0
Mercy,Shawn Mendes,1424443961.0,527844.0,canadian pop,0.555,0.662,11.0,-4.952,0.0,0.0827,0.125,0.0,0.111,0.356,148.128,208733.0,11.0
Come As You Are,Nirvana,1423520537.0,962412.0,grunge,0.5,0.824,4.0,-5.846,0.0,0.0388,0.00016,0.00161,0.0916,0.539,120.125,218920.0,4.0
Under The Influence,Chris Brown,1420911312.0,1150822.0,r&b,0.733,0.69,9.0,-5.529,0.0,0.0427,0.0635,1.18e-06,0.105,0.31,116.992,184613.0,9.0
More Than You Know,Axwell /\ Ingrosso,1418981052.0,426285.0,edm,0.646,0.741,5.0,-4.973,0.0,0.034,0.0275,0.0,0.312,0.571,123.077,203000.0,5.0
Con Calma,Daddy Yankee,1416448161.0,351679.0,latin hip hop,0.737,0.86,8.0,-2.652,0.0,0.0593,0.11,1.94e-06,0.0574,0.656,93.989,193227.0,8.0
Castle on the Hill,Ed Sheeran,1404855326.0,362253.0,pop,0.461,0.834,2.0,-4.868,1.0,0.0989,0.0232,1.14e-05,0.14,0.471,135.007,261154.0,2.0
Bones,Imagine Dragons,1393370819.0,1001258.0,modern rock,0.772,0.75,5.0,-3.67,0.0,0.0455,0.0201,0.0,0.074,0.587,114.061,165265.0,5.0
Glimpse of Us,Joji,1389016973.0,1020180.0,viral pop,0.44,0.317,8.0,-9.258,1.0,0.0531,0.891,4.78e-06,0.141,0.268,169.914,233456.0,8.0
Ho Hey,The Lumineers,1385971027.0,654634.0,folk-pop,0.685,0.466,0.0,-9.074,1.0,0.0304,0.794,2.06e-06,0.0915,0.353,79.936,163133.0,0.0
Hotline Bling,Drake,1384769502.0,360506.0,canadian hip hop,0.891,0.628,2.0,-7.863,1.0,0.0551,0.00258,0.00019,0.0504,0.552,134.966,267067.0,2.0
Ophelia,The Lumineers,1384668043.0,623959.0,folk-pop,0.664,0.573,5.0,-6.519,1.0,0.0277,0.613,0.000363,0.0857,0.566,76.023,160097.0,5.0
"Me, Myself & I",G-Eazy,1375657531.0,604919.0,indie pop rap,0.756,0.674,0.0,-6.518,0.0,0.0959,0.0184,0.0,0.158,0.389,111.995,251467.0,0.0
SLOW DANCING IN THE DARK,Joji,1367000935.0,502223.0,viral pop,0.515,0.479,3.0,-7.458,1.0,0.0261,0.544,0.00598,0.191,0.284,88.964,209274.0,3.0
Galway Girl,Ed Sheeran,1366275050.0,339018.0,pop,0.624,0.876,9.0,-3.374,1.0,0.1,0.0735,0.0,0.327,0.781,99.943,170827.0,9.0
Happier,Ed Sheeran,1362633206.0,267212.0,pop,0.522,0.385,0.0,-7.355,1.0,0.0288,0.536,0.0,0.135,0.236,89.792,207520.0,0.0
Bad Romance,Lady Gaga,1356855798.0,806435.0,art pop,0.696,0.921,0.0,-3.755,1.0,0.0363,0.00314,5.24e-05,0.0842,0.714,119.001,294573.0,0.0
TiK ToK,Kesha,1351612783.0,978165.0,dance pop,0.755,0.837,2.0,-2.718,0.0,0.142,0.0991,0.0,0.289,0.714,120.028,199693.0,2.0
Blueberry Faygo,Lil Mosey,1347539591.0,450106.0,melodic rap,0.774,0.554,0.0,-7.909,1.0,0.0383,0.207,0.0,0.132,0.349,99.034,162547.0,0.0
Romantic Homicide,d4vd,1340680506.0,1381478.0,bedroom pop,0.571,0.544,6.0,-10.613,1.0,0.0299,0.453,0.00805,0.322,0.216,132.052,132631.0,6.0
Promiscuous,Nelly Furtado,1328959520.0,1015184.0,canadian latin,0.808,0.97,10.0,-6.098,0.0,0.0506,0.0569,6.13e-05,0.154,0.868,114.328,242293.0,10.0
Zombie,The Cranberries,1327659785.0,790779.0,irish rock,0.309,0.649,7.0,-8.994,1.0,0.035,0.0158,0.00591,0.367,0.312,166.915,306440.0,7.0
hot girl bummer,blackbear,1306601586.0,256022.0,pop,0.782,0.559,6.0,-7.106,0.0,0.0767,0.125,0.0,0.385,0.685,129.992,188344.0,6.0
Falling,Harry Styles,1305712520.0,740457.0,pop,0.567,0.267,4.0,-6.502,1.0,0.0299,0.839,1.46e-06,0.089,0.0592,110.011,240133.0,4.0
august,Taylor Swift,1302540403.0,1037164.0,pop,0.532,0.623,5.0,-9.208,1.0,0.0331,0.538,7.28e-05,0.0925,0.403,89.937,261923.0,5.0
Running Up That Hill (A Deal With God),Kate Bush,1300283848.0,504007.0,art pop,0.629,0.545,10.0,-13.123,0.0,0.0546,0.719,0.00308,0.0604,0.194,108.376,298933.0,10.0
Royals,Lorde,1286057622.0,374871.0,art pop,0.674,0.428,7.0,-9.504,1.0,0.122,0.121,0.0,0.132,0.337,84.878,190185.0,7.0
Welcome To The Jungle,Guns N' Roses,1283148992.0,619946.0,glam metal,0.453,0.987,8.0,-4.485,1.0,0.0889,0.0195,0.283,0.268,0.316,123.544,273480.0,8.0
Budapest,George Ezra,1277330791.0,771025.0,folk-pop,0.717,0.455,5.0,-8.303,1.0,0.0276,0.0846,0.0,0.11,0.389,127.812,200733.0,5.0
Lose You To Love Me,Selena Gomez,1276924415.0,445812.0,pop,0.488,0.343,4.0,-8.985,1.0,0.0436,0.556,0.0,0.21,0.0978,102.819,206459.0,4.0
Arcade,Duncan Laurence,1271654723.0,604044.0,dutch pop,0.45,0.329,9.0,-12.603,0.0,0.0441,0.818,0.00109,0.135,0.266,71.884,183624.0,9.0
telepatía,Kali Uchis,1270745857.0,816491.0,colombian pop,0.653,0.524,11.0,-9.016,0.0,0.0502,0.112,0.0,0.203,0.553,83.97,160191.0,11.0
Break My Heart,Dua Lipa,1259026855.0,457489.0,dance pop,0.73,0.729,4.0,-3.434,0.0,0.0884,0.167,1.39e-06,0.349,0.467,113.011,221820.0,4.0
MONEY,LISA,1255150237.0,338721.0,k-pop,0.831,0.554,1.0,-9.998,0.0,0.218,0.161,6.12e-05,0.152,0.396,140.026,168228.0,1.0
Issues,Julia Michaels,1250069861.0,243464.0,pop,0.728,0.415,8.0,-6.852,1.0,0.0639,0.401,0.0,0.0616,0.455,114.145,176320.0,8.0
Freaks,Surf Curse,1245622858.0,1052328.0,dreamo,0.345,0.941,9.0,-9.918,1.0,0.0466,3.84e-05,0.633,0.0511,0.407,179.626,147062.0,9.0
Only Girl (In The World),Rihanna,1242755484.0,868394.0,barbadian pop,0.789,0.706,11.0,-4.233,0.0,0.0429,0.112,1.71e-05,0.0586,0.638,125.911,235493.0,11.0
golden hour,JVKE,1241891940.0,745594.0,modern indie pop,0.515,0.593,4.0,-4.801,1.0,0.0322,0.653,0.162,0.25,0.153,94.467,209260.0,4.0
Dream On,Aerosmith,1234668011.0,726754.0,album rock,0.392,0.476,1.0,-7.583,1.0,0.0249,0.397,0.000163,0.309,0.234,78.031,267597.0,1.0
Way down We Go,KALEO,1233765684.0,1056715.0,icelandic indie,0.489,0.505,10.0,-8.022,0.0,0.117,0.579,0.000333,0.104,0.337,163.255,213707.0,10.0
Need to Know,Doja Cat,1231425336.0,325096.0,dance pop,0.664,0.609,1.0,-6.509,1.0,0.0707,0.304,0.0,0.0926,0.194,130.041,210560.0,1.0
Paris,The Chainsmokers,1229929957.0,302646.0,electropop,0.653,0.658,2.0,-6.428,1.0,0.0304,0.0215,1.66e-06,0.0939,0.219,99.99,221507.0,2.0
Space Song,Beach House,1227078473.0,884038.0,art pop,0.508,0.792,0.0,-7.311,0.0,0.0297,0.229,0.124,0.145,0.601,147.067,320467.0,0.0
MIDDLE OF THE NIGHT,Elley Duhé,1208693689.0,677525.0,alt z,0.41,0.611,4.0,-8.271,0.0,0.0467,0.0228,0.0,0.116,0.0899,185.727,184448.0,4.0
Stan,Eminem,1207584420.0,620227.0,detroit hip hop,0.78,0.768,6.0,-4.325,0.0,0.238,0.0371,2.34e-06,0.518,0.507,80.063,404107.0,6.0
How You Remind Me,Nickelback,1207472414.0,1049415.0,alternative metal,0.446,0.764,10.0,-5.042,1.0,0.033,0.00135,0.0,0.099,0.543,172.094,223840.0,10.0
All I Want,Kodaline,1203398797.0,421108.0,irish pop,0.188,0.411,0.0,-9.733,1.0,0.0484,0.174,0.153,0.0843,0.159,187.376,305747.0,0.0
we fell in love in october,girl in red,1202031766.0,1315623.0,alt z,0.566,0.366,7.0,-12.808,1.0,0.028,0.113,0.181,0.155,0.237,129.96,184154.0,7.0
Fast Car,Jonas Blue,1194505684.0,361112.0,pop,0.672,0.578,9.0,-6.621,1.0,0.0569,0.469,0.0,0.312,0.548,113.945,212424.0,9.0
What You Know Bout Love,Pop Smoke,1194354148.0,424853.0,brooklyn drill,0.709,0.548,10.0,-8.493,1.0,0.353,0.65,1.59e-06,0.133,0.543,83.995,160000.0,10.0
Just Dance,Lady Gaga,1190019668.0,800705.0,art pop,0.822,0.739,1.0,-4.541,0.0,0.0311,0.0264,4.26e-05,0.181,0.745,118.992,241933.0,1.0
Smack That,Akon,1187235800.0,1095831.0,dance pop,0.939,0.742,5.0,-5.171,0.0,0.0467,0.321,0.0,0.107,0.924,118.978,212360.0,5.0
Midnight City,M83,1175248114.0,615146.0,french shoegaze,0.526,0.712,11.0,-6.525,0.0,0.0356,0.0161,0.0,0.179,0.32,105.009,241440.0,11.0
It's You,Ali Gatie,1173333918.0,319080.0,canadian hip hop,0.732,0.463,11.0,-6.972,0.0,0.0287,0.374,0.0,0.194,0.397,95.971,212607.0,11.0
abcdefu,GAYLE,1169984301.0,259435.0,modern alternative pop,0.695,0.54,4.0,-5.692,1.0,0.0493,0.299,0.0,0.367,0.415,121.932,168602.0,4.0
Firestone,Kygo,1161709299.0,284338.0,edm,0.704,0.634,11.0,-7.374,0.0,0.0428,0.393,3.17e-05,0.0952,0.411,113.927,271640.0,11.0
Breaking Me,Topic,1159545256.0,221670.0,german dance,0.789,0.72,8.0,-5.652,0.0,0.218,0.223,0.0,0.129,0.664,122.031,166794.0,8.0
Dynamite,Taio Cruz,1153875599.0,571831.0,dance pop,0.751,0.783,4.0,-3.724,1.0,0.0859,0.00379,0.0,0.036,0.816,119.975,202613.0,4.0
Electric Love,BØRNS,1152499274.0,411212.0,indie poptimism,0.611,0.797,6.0,-7.627,0.0,0.0533,0.00543,0.00137,0.26,0.518,120.041,218107.0,6.0
SNAP,Rosa Linn,1152261943.0,561619.0,alt z,0.565,0.636,0.0,-8.198,1.0,0.0638,0.107,9.9e-06,0.447,0.525,170.01,179551.0,0.0
Paradise City,Guns N' Roses,1149909123.0,470785.0,glam metal,0.268,0.98,11.0,-5.958,1.0,0.103,0.0192,0.00709,0.182,0.395,100.315,405600.0,11.0
Careless Whisper,George Michael,1149878993.0,741465.0,new wave pop,0.574,0.628,2.0,-8.815,0.0,0.036,0.13,0.0,0.271,0.803,153.119,300107.0,2.0
Until I Found You,Stephen Sanchez,1140324228.0,838113.0,gen z singer-songwriter,0.551,0.55,10.0,-5.339,1.0,0.0286,0.777,0.0,0.202,0.342,101.19,176440.0,10.0
Infinity,Jaymes Young,1127183357.0,372139.0,indie poptimism,0.671,0.673,11.0,-6.941,0.0,0.0444,0.148,5.29e-05,0.304,0.494,121.963,237720.0,11.0
Rap God,Eminem,1123824834.0,480512.0,detroit hip hop,0.708,0.843,7.0,-2.66,1.0,0.314,0.397,0.0,0.799,0.625,148.14,363521.0,7.0
My House,Flo Rida,1122845468.0,452660.0,dance pop,0.688,0.702,7.0,-4.792,0.0,0.0499,0.0215,0.0,0.128,0.74,94.006,192191.0,7.0
Little Talks,Of Monsters and Men,1116983731.0,395408.0,folk-pop,0.457,0.757,1.0,-5.177,1.0,0.032,0.0206,0.0,0.146,0.417,102.961,266600.0,1.0
I Was Never There,The Weeknd,1112976566.0,746534.0,canadian contemporary r&b,0.323,0.737,10.0,-4.008,1.0,0.0338,0.142,0.000162,0.163,0.155,113.26,241067.0,10.0
THATS WHAT I WANT,Lil Nas X,1108056845.0,242155.0,lgbtq+ hip hop,0.737,0.846,1.0,-4.51,0.0,0.22,0.00614,0.0,0.0486,0.546,87.981,143901.0,1.0
Softcore,The Neighbourhood,1104032362.0,1222568.0,modern alternative rock,0.575,0.568,9.0,-5.509,0.0,0.03,0.0484,0.000417,0.286,0.37,93.986,206280.0,9.0
Shut up My Moms Calling,Hotel Ugly,1103839272.0,1756541.0,modern indie pop,0.485,0.409,9.0,-10.711,0.0,0.101,0.325,0.0,0.103,0.376,138.419,164571.0,9.0
You Are The Reason,Calum Scott,1101160259.0,373956.0,pop,0.329,0.235,10.0,-7.699,1.0,0.0303,0.918,0.0,0.137,0.22,171.006,204326.0,10.0
My Way,Calvin Harris,1095632329.0,524179.0,dance pop,0.818,0.913,4.0,-3.06,0.0,0.0426,0.093,3.69e-05,0.161,0.536,119.986,219160.0,4.0
Perfect Strangers,Jonas Blue,1093512737.0,314305.0,pop,0.73,0.861,1.0,-4.1,1.0,0.0451,0.39,0.0,0.213,0.704,117.965,196613.0,1.0
Numb / Encore,JAY-Z,1084295586.0,672491.0,east coast hip hop,0.687,0.793,2.0,-4.254,1.0,0.166,0.0603,0.0,0.582,0.751,107.045,205733.0,2.0
Mine,Bazzi,1075815156.0,152589.0,pop,0.71,0.789,4.0,-3.874,1.0,0.0722,0.0161,2.77e-06,0.451,0.717,142.929,131064.0,4.0
Best Day Of My Life,American Authors,1070301285.0,495914.0,modern rock,0.673,0.902,2.0,-2.392,1.0,0.0346,0.0591,0.000262,0.0558,0.538,100.012,194240.0,2.0
Go Flex,Post Malone,1070254979.0,229839.0,dfw rap,0.665,0.498,5.0,-8.185,1.0,0.0832,0.228,0.0,0.0757,0.127,81.967,179613.0,5.0
Bored,Billie Eilish,1058307551.0,651167.0,art pop,0.614,0.318,7.0,-12.695,1.0,0.0478,0.896,0.00239,0.0795,0.112,119.959,180933.0,7.0
The Lazy Song,Bruno Mars,1049753060.0,596713.0,dance pop,0.794,0.711,8.0,-5.124,0.0,0.0699,0.3,0.0,0.0955,0.955,174.915,189109.0,8.0
American Idiot,Green Day,1048807763.0,619754.0,modern rock,0.38,0.988,1.0,-2.042,1.0,0.0639,2.64e-05,7.86e-05,0.368,0.769,186.113,176346.0,1.0
Replay,Iyaz,1047937400.0,457636.0,dance pop,0.706,0.751,9.0,-6.323,1.0,0.0708,0.173,0.0,0.168,0.195,91.031,182307.0,9.0
Rewrite The Stars,Zac Efron,1044991701.0,327955.0,hollywood,0.684,0.619,10.0,-7.005,1.0,0.0386,0.0716,0.0,0.122,0.284,125.046,217440.0,10.0
Sunroof,Nicky Youre,1043726738.0,877213.0,singer-songwriter pop,0.768,0.714,10.0,-5.11,1.0,0.0401,0.352,0.0,0.15,0.842,131.443,163026.0,10.0
Bound 2,Kanye West,1041881948.0,629217.0,chicago rap,0.367,0.665,1.0,-2.821,1.0,0.0465,0.145,0.0,0.113,0.31,148.913,229147.0,1.0
Old Town Road,Lil Nas X,1039628178.0,189454.0,lgbtq+ hip hop,0.878,0.619,6.0,-5.56,1.0,0.102,0.0533,0.0,0.113,0.639,136.041,157067.0,6.0
Wake Me Up Before You Go-Go,Wham!,1039410260.0,565882.0,new romantic,0.62,0.573,0.0,-11.893,1.0,0.0423,0.271,0.0,0.0607,0.897,81.548,231333.0,0.0
On Top Of The World,Imagine Dragons,1037908563.0,430350.0,modern rock,0.635,0.926,0.0,-5.589,1.0,0.151,0.0893,4.53e-06,0.0928,0.761,100.048,189840.0,0.0
Teenagers,My Chemical Romance,1027478164.0,596009.0,emo,0.463,0.857,4.0,-3.063,1.0,0.0632,0.0506,0.0,0.184,0.856,111.647,161920.0,4.0
Left and Right (Feat. Jung Kook of BTS),Charlie Puth,1026410912.0,407717.0,pop,0.881,0.592,2.0,-4.898,1.0,0.0324,0.619,1.32e-05,0.0901,0.719,101.058,154487.0,2.0
Am I Wrong,Nico & Vinz,1025636525.0,320770.0,afrobeats,0.729,0.675,8.0,-6.003,1.0,0.0312,0.175,1.58e-06,0.55,0.779,119.968,245867.0,8.0
Die For You,The Weeknd,1024078581.0,731164.0,canadian contemporary r&b,0.586,0.525,1.0,-7.163,0.0,0.0615,0.111,0.0,0.134,0.508,133.629,260253.0,1.0
Late Night Talking,Harry Styles,1022546800.0,370251.0,pop,0.714,0.728,10.0,-4.595,1.0,0.0468,0.298,0.0,0.106,0.901,114.996,177955.0,10.0
Truth Hurts,Lizzo,1012799500.0,130483.0,escape room,0.715,0.624,4.0,-3.046,0.0,0.114,0.11,0.0,0.123,0.412,158.087,173325.0,4.0
Hold the Line,TOTO,1007324349.0,854669.0,album rock,0.473,0.898,6.0,-4.797,0.0,0.0561,0.00783,0.0618,0.173,0.808,96.556,235547.0,6.0
Levitating,Dua Lipa,1004917448.0,322553.0,dance pop,0.702,0.825,6.0,-3.787,0.0,0.0601,0.00883,0.0,0.0674,0.915,102.977,203064.0,6.0
Snowman,Sia,1001639650.0,1324772.0,australian dance,0.716,0.512,1.0,-6.257,1.0,0.0331,0.483,0.0,0.0928,0.326,104.957,165907.0,1.0
Sunday Best,Surfaces,992006752.0,245756.0,bedroom soul,0.878,0.525,5.0,-6.832,1.0,0.0578,0.183,0.0,0.0714,0.694,112.022,158571.0,5.0
Lalala,Y2K,991356993.0,131041.0,pop rap,0.843,0.39,2.0,-7.899,1.0,0.0846,0.178,0.0,0.137,0.495,129.972,160627.0,2.0
"jealousy, jealousy",Olivia Rodrigo,991023430.0,667116.0,pop,0.695,0.575,10.0,-6.334,0.0,0.116,0.198,0.0,0.0614,0.699,163.929,173160.0,10.0
Truth Hurts,Lizzo,990690505.0,161441.0,escape room,0.715,0.624,4.0,-3.046,0.0,0.114,0.11,0.0,0.123,0.412,158.087,173325.0,4.0
Pray For Me,The Weeknd,985666015.0,424923.0,canadian contemporary r&b,0.732,0.678,2.0,-4.977,1.0,0.0886,0.0867,2.41e-05,0.112,0.196,100.626,211421.0,2.0
In Your Eyes,The Weeknd,984337209.0,297276.0,canadian contemporary r&b,0.667,0.721,7.0,-5.349,0.0,0.033,0.00248,6.24e-05,0.0753,0.703,100.018,237522.0,7.0
Mama,Jonas Blue,984248884.0,213867.0,pop,0.738,0.794,11.0,-4.118,0.0,0.0416,0.101,0.0,0.0533,0.566,104.014,184134.0,11.0
One More Night,Maroon 5,979454222.0,664698.0,pop,0.718,0.82,5.0,-3.453,0.0,0.0323,0.0444,0.0,0.0846,0.613,92.998,219467.0,5.0
I Kissed A Girl,Katy Perry,978485938.0,549477.0,pop,0.699,0.76,5.0,-3.173,1.0,0.0677,0.00223,0.0,0.132,0.696,129.996,179640.0,5.0
Killing In The Name,Rage Against The Machine,977733903.0,527495.0,alternative metal,0.466,0.833,7.0,-4.215,1.0,0.304,0.0266,0.0,0.0327,0.661,88.785,313573.0,7.0
What I've Done,Linkin Park,967886136.0,802434.0,alternative metal,0.623,0.93,5.0,-5.285,1.0,0.0324,0.0141,1.64e-06,0.138,0.287,120.119,205613.0,5.0
WITHOUT YOU,The Kid LAROI,963805591.0,227613.0,australian hip hop,0.662,0.413,0.0,-7.357,1.0,0.0299,0.213,0.0,0.134,0.467,93.005,161385.0,0.0
Runaway,AURORA,961882154.0,526549.0,art pop,0.459,0.276,11.0,-10.339,1.0,0.036,0.63,9.5e-05,0.104,0.128,114.169,248827.0,11.0
...Baby One More Time,Britney Spears,960889937.0,777083.0,dance pop,0.759,0.699,0.0,-5.745,0.0,0.0307,0.202,0.000131,0.443,0.907,92.96,211067.0,0.0
Fireflies,Owl City,955326554.0,360434.0,indietronica,0.512,0.662,3.0,-6.797,1.0,0.0439,0.0275,0.0,0.118,0.472,180.114,228347.0,3.0
Runaway (U & I),Galantis,945662567.0,273648.0,dance pop,0.506,0.805,1.0,-4.119,1.0,0.0469,0.00711,0.00193,0.0856,0.383,126.008,227074.0,1.0
Temperature,Sean Paul,945235050.0,522150.0,dance pop,0.951,0.6,0.0,-4.675,0.0,0.0685,0.106,0.0,0.0712,0.822,125.04,218573.0,0.0
Love You Like A Love Song,Selena Gomez & The Scene,943358821.0,646915.0,pop,0.858,0.678,1.0,-3.87,0.0,0.0469,0.0761,0.0,0.0741,0.922,117.009,188453.0,1.0
Jealous,Eyedress,942510706.0,1068261.0,noise pop,0.474,0.921,9.0,-10.431,0.0,0.0457,0.00491,0.85,0.476,0.696,93.01,122339.0,9.0
2055,Sleepy Hallow,927528453.0,669815.0,brooklyn drill,0.829,0.512,6.0,-5.865,0.0,0.187,0.492,0.0,0.12,0.638,80.511,123987.0,6.0
Those Eyes,New West,925600474.0,948750.0,toronto indie,0.593,0.352,4.0,-8.296,1.0,0.0284,0.695,2.22e-05,0.3,0.226,119.988,220750.0,4.0
Boss Bitch,Doja Cat,924896030.0,283558.0,dance pop,0.707,0.955,10.0,-4.593,0.0,0.222,0.127,0.0,0.202,0.575,125.989,134240.0,10.0
Formula,Labrinth,916231197.0,395499.0,indie poptimism,0.574,0.664,11.0,-6.068,1.0,0.0409,0.0448,0.0553,0.146,0.226,144.654,91870.0,11.0
Never Gonna Give You Up,Rick Astley,908817110.0,493179.0,new romantic,0.721,0.939,8.0,-11.823,1.0,0.0376,0.115,3.79e-05,0.108,0.914,113.309,213573.0,8.0
Hold On,Chord Overstreet,906705750.0,462084.0,acoustic pop,0.618,0.443,2.0,-9.681,1.0,0.0526,0.469,0.0,0.0829,0.167,119.949,198853.0,2.0
Heart Attack,Demi Lovato,903466626.0,531054.0,pop,0.504,0.785,8.0,-4.802,1.0,0.104,0.0738,0.0,0.239,0.502,173.968,210840.0,8.0
No Money,Galantis,900273179.0,147207.0,dance pop,0.674,0.915,6.0,-3.999,0.0,0.0411,0.0282,0.00337,0.273,0.78,126.038,191293.0,6.0
Someone To You,BANNERS,897477960.0,405499.0,indie poptimism,0.52,0.903,2.0,-5.497,1.0,0.042,0.00517,0.0,0.254,0.652,74.988,219801.0,2.0
I Knew You Were Trouble.,Taylor Swift,897192423.0,337437.0,pop,0.584,0.557,6.0,-6.371,1.0,0.0342,0.0129,0.0,0.0576,0.767,154.008,219760.0,6.0
Rise,Jonas Blue,896402268.0,179722.0,pop,0.687,0.785,1.0,-4.65,1.0,0.0333,0.327,0.0,0.203,0.655,106.046,194408.0,1.0
Breezeblocks,alt-J,893441350.0,372935.0,indie rock,0.615,0.658,5.0,-7.299,1.0,0.0343,0.096,0.000911,0.205,0.293,150.093,227080.0,5.0
Maniac,Conan Gray,893226225.0,325642.0,bedroom pop,0.628,0.639,8.0,-5.46,1.0,0.0435,0.00162,0.0,0.354,0.493,108.045,185773.0,8.0
Jackie Chan,Tiësto,892921483.0,143619.0,big room,0.747,0.834,3.0,-2.867,0.0,0.045,0.374,0.0,0.0586,0.687,128.005,215760.0,3.0
Boulevard of Broken Dreams,Green Day,887056184.0,518773.0,modern rock,0.496,0.682,8.0,-4.095,1.0,0.0294,0.00552,2.94e-05,0.0589,0.474,167.06,262333.0,8.0
3005,Childish Gambino,886142293.0,387591.0,atl hip hop,0.664,0.447,6.0,-7.272,0.0,0.289,0.112,0.0,0.091,0.659,83.138,234215.0,6.0
I Won't Give Up,Jason Mraz,883953282.0,219520.0,acoustic pop,0.483,0.303,4.0,-10.058,1.0,0.0429,0.694,0.0,0.115,0.139,133.406,240166.0,4.0
The Motto,Tiësto,883235395.0,339730.0,big room,0.754,0.763,7.0,-4.627,0.0,0.0435,0.0301,2.23e-05,0.0901,0.464,117.953,164819.0,7.0
One Call Away,Charlie Puth,879714625.0,227255.0,pop,0.667,0.613,1.0,-5.353,1.0,0.0344,0.403,0.0,0.115,0.47,91.024,194453.0,1.0
Not Allowed,TV Girl,877497784.0,1050829.0,pov: indie,0.67,0.905,1.0,-6.855,1.0,0.129,0.669,0.000227,0.349,0.563,104.965,167864.0,1.0
Lost Boy,Ruth B.,868254202.0,197568.0,alt z,0.71,0.0565,7.0,-15.099,1.0,0.0534,0.965,0.0,0.0889,0.348,123.994,275280.0,7.0
Gimme! Gimme! Gimme! (A Man After Midnight),ABBA,863961015.0,463078.0,europop,0.749,0.491,10.0,-9.655,1.0,0.0403,0.02,0.00899,0.159,0.536,119.528,292613.0,10.0
Train Wreck,James Arthur,863413163.0,386827.0,pop,0.311,0.485,6.0,-5.726,0.0,0.0365,0.701,0.0,0.0726,0.225,77.355,208827.0,6.0
First Class,Jack Harlow,859473397.0,278876.0,deep underground hip hop,0.902,0.582,5.0,-5.902,0.0,0.109,0.111,3.18e-06,0.111,0.332,107.005,173948.0,5.0
comethru,Jeremy Zucker,859284102.0,229482.0,alt z,0.795,0.178,0.0,-11.991,1.0,0.0574,0.607,0.0,0.623,0.608,93.982,181613.0,0.0
All About That Bass,Meghan Trainor,854307443.0,220687.0,hip pop,0.807,0.887,9.0,-3.726,1.0,0.0503,0.0573,2.87e-06,0.124,0.961,134.052,187920.0,9.0
Beautiful Girls,Sean Kingston,848790631.0,609128.0,dance pop,0.762,0.661,1.0,-6.075,0.0,0.0687,0.15,0.0,0.256,0.769,130.009,225373.0,1.0
Moral of the Story,Ashe,848393336.0,576645.0,alt z,0.569,0.403,10.0,-8.618,1.0,0.0439,0.593,4.49e-06,0.102,0.269,119.819,201017.0,10.0
This Is Me,Keala Settle,846689539.0,247494.0,broadway,0.284,0.704,2.0,-7.276,1.0,0.186,0.00583,0.000115,0.0424,0.1,191.702,234707.0,2.0
Impossible,James Arthur,839615216.0,380775.0,pop,0.376,0.695,0.0,-4.782,0.0,0.0933,0.135,0.0,0.11,0.302,169.533,209440.0,0.0
Burn,Ellie Goulding,834992123.0,380133.0,indietronica,0.555,0.772,1.0,-5.007,1.0,0.0523,0.315,0.0,0.105,0.346,86.921,231213.0,1.0
Faint,Linkin Park,829913897.0,1426354.0,alternative metal,0.554,0.978,4.0,-3.554,1.0,0.131,0.111,0.0,0.0731,0.594,135.095,162600.0,4.0
Welcome to the Black Parade,My Chemical Romance,828531870.0,427985.0,emo,0.217,0.905,2.0,-4.103,1.0,0.0752,0.000289,0.00011,0.222,0.236,96.95,311107.0,2.0
Devil Eyes,Hippie Sabotage,818235283.0,354453.0,edm,0.391,0.396,1.0,-8.621,0.0,0.189,0.702,0.405,0.315,0.199,99.112,131272.0,1.0
Apologize,OneRepublic,816558593.0,258050.0,piano rock,0.593,0.74,8.0,-6.12,1.0,0.0339,0.363,2.22e-05,0.102,0.502,118.008,208107.0,8.0
How Deep Is Your Love,Bee Gees,815362327.0,519437.0,disco,0.594,0.5,5.0,-5.586,0.0,0.0255,0.076,9.86e-05,0.184,0.537,104.996,241093.0,5.0
One Step Closer,Linkin Park,815127852.0,865348.0,alternative metal,0.492,0.969,9.0,-4.419,1.0,0.0491,0.0014,1.32e-06,0.0787,0.538,95.136,157333.0,9.0
No Surprises,Radiohead,808322139.0,932724.0,alternative rock,0.255,0.393,5.0,-10.654,1.0,0.0278,0.0577,0.00361,0.113,0.118,76.426,229120.0,5.0
Heart-Shaped Box,Nirvana,805295473.0,598591.0,grunge,0.256,0.641,1.0,-10.283,1.0,0.0552,0.199,0.0329,0.0853,0.382,203.006,281160.0,1.0
Can I Be Him,James Arthur,804451767.0,372080.0,pop,0.696,0.543,11.0,-6.164,1.0,0.0489,0.308,0.0,0.0939,0.479,107.969,246880.0,11.0
Swim,Chase Atlantic,799599541.0,699142.0,alternative r&b,0.666,0.542,8.0,-6.429,1.0,0.0392,0.27,0.0,0.0765,0.0771,120.134,228787.0,8.0
Love Me Again,John Newman,794131694.0,455273.0,dance pop,0.495,0.894,2.0,-4.814,0.0,0.0441,0.00453,0.000596,0.103,0.213,126.03,239894.0,2.0
Mistletoe,Justin Bieber,782560751.0,675193.0,canadian pop,0.657,0.56,6.0,-9.049,0.0,0.0467,0.498,0.0,0.0794,0.854,161.993,182947.0,6.0
Hold On,Justin Bieber,781530608.0,206456.0,canadian pop,0.658,0.634,1.0,-5.797,0.0,0.0413,0.0106,0.0,0.132,0.29,139.98,170813.0,1.0
m.A.A.d city,Kendrick Lamar,778660795.0,263884.0,conscious hip hop,0.487,0.729,2.0,-6.815,1.0,0.271,0.0538,4.07e-06,0.44,0.217,91.048,350120.0,2.0
Me And My Broken Heart,Rixton,776903615.0,326481.0,pop,0.545,0.783,5.0,-4.261,0.0,0.0345,0.00489,0.0,0.132,0.551,174.084,193733.0,5.0
Wish You Were Here,Pink Floyd,770685161.0,494908.0,album rock,0.481,0.262,7.0,-15.73,1.0,0.0414,0.735,0.0114,0.832,0.375,122.861,334744.0,7.0
Hold Back The River,James Bay,766303602.0,279288.0,neo mellow,0.715,0.715,5.0,-7.364,1.0,0.0904,0.0526,0.0,0.0936,0.506,134.923,238747.0,5.0
Life is a Highway,Rascal Flatts,763691246.0,359926.0,contemporary country,0.582,0.952,5.0,-3.848,1.0,0.0731,0.00324,0.0,0.223,0.655,103.027,276320.0,5.0
It's Time,Imagine Dragons,762035971.0,287560.0,modern rock,0.656,0.884,2.0,-4.748,1.0,0.0372,0.0162,0.0,0.145,0.86,105.009,237987.0,2.0
Friends,Chase Atlantic,760054589.0,950353.0,alternative r&b,0.422,0.609,11.0,-6.361,0.0,0.0335,0.0114,4.76e-06,0.108,0.0911,107.34,230011.0,11.0
YKWIM?,Yot Club,756744896.0,509675.0,bedroom pop,0.372,0.537,9.0,-7.623,1.0,0.0305,0.937,0.873,0.287,0.228,123.735,212750.0,9.0
Little Do You Know,Alex & Sierra,755439267.0,157568.0,pop,0.5,0.292,0.0,-8.554,1.0,0.0323,0.746,0.0,0.188,0.37,145.879,185200.0,0.0
All Time Low,Jon Bellion,751813423.0,223149.0,indie pop rap,0.617,0.567,0.0,-4.188,1.0,0.0828,0.0584,0.0,0.0933,0.505,90.246,217603.0,0.0
Supermarket Flowers,Ed Sheeran,751774615.0,226916.0,pop,0.589,0.242,6.0,-10.517,1.0,0.0442,0.914,0.0,0.0887,0.257,89.749,221107.0,6.0
Lucky,Jason Mraz,749780111.0,196777.0,acoustic pop,0.625,0.414,0.0,-8.7,1.0,0.0369,0.294,0.0,0.151,0.669,130.088,189613.0,0.0
Teeth,5 Seconds of Summer,746084033.0,504886.0,boy band,0.745,0.454,3.0,-2.986,0.0,0.0392,0.0437,3.47e-06,0.0741,0.43,139.007,205503.0,3.0
Take You Dancing,Jason Derulo,743080281.0,173493.0,dance pop,0.789,0.711,2.0,-4.248,1.0,0.041,0.0332,0.0,0.0876,0.753,112.985,190306.0,2.0
Sunsetz,Cigarettes After Sex,742350184.0,1172009.0,ambient pop,0.412,0.477,9.0,-9.381,0.0,0.029,0.0542,0.798,0.0975,0.141,75.302,214680.0,9.0
Pain,PinkPantheress,738742464.0,1222216.0,bedroom pop,0.829,0.617,1.0,-8.497,1.0,0.14,0.227,0.00306,0.0618,0.81,125.605,98544.0,1.0
YEAH RIGHT,Joji,735703436.0,186596.0,viral pop,0.672,0.588,1.0,-9.573,1.0,0.133,0.619,0.241,0.0992,0.204,169.033,174358.0,1.0
"...And to Those I Love, Thanks for Sticking Around",$uicideboy$,732939704.0,355844.0,cloud rap,0.792,0.511,2.0,-6.876,1.0,0.0409,0.124,9.04e-05,0.14,0.111,113.983,168490.0,2.0
New Light,John Mayer,731607214.0,268957.0,neo mellow,0.826,0.694,7.0,-7.862,1.0,0.0315,0.316,0.0285,0.074,0.852,123.932,217427.0,7.0
Hooked On A Feeling,Blue Swede,729034123.0,252700.0,classic swedish pop,0.547,0.82,8.0,-6.728,1.0,0.0805,0.261,0.0,0.3,0.933,118.208,172867.0,8.0
On My Way,Alan Walker,728430298.0,326691.0,electro house,0.509,0.689,1.0,-4.929,0.0,0.102,0.0209,0.0,0.301,0.297,170.087,193798.0,1.0
Strawberries & Cigarettes,Troye Sivan,724545387.0,333687.0,australian pop,0.578,0.537,9.0,-8.676,1.0,0.0832,0.162,0.0,0.076,0.25,83.909,201539.0,9.0
idfc,blackbear,722284142.0,284769.0,pop,0.63,0.5,1.0,-8.755,0.0,0.0611,0.611,4.04e-05,0.114,0.315,144.871,245172.0,1.0
Crazy Train,Ozzy Osbourne,722231772.0,380833.0,album rock,0.454,0.913,9.0,-4.008,1.0,0.107,0.408,0.000271,0.248,0.521,137.688,293183.0,9.0
You Get Me So High,The Neighbourhood,721282994.0,883206.0,modern alternative rock,0.551,0.881,7.0,-6.099,0.0,0.0542,0.186,0.0791,0.152,0.387,88.036,153000.0,7.0
How Long,Charlie Puth,718504003.0,231834.0,pop,0.845,0.561,1.0,-5.253,0.0,0.0778,0.211,3.49e-06,0.0383,0.811,109.974,200853.0,1.0
Where's My Love,SYML,717056203.0,677279.0,modern indie pop,0.604,0.36,0.0,-10.109,0.0,0.0253,0.868,0.0343,0.112,0.37,103.985,202000.0,0.0
Anyone,Justin Bieber,716665549.0,182681.0,canadian pop,0.686,0.538,2.0,-8.026,1.0,0.0345,0.181,3.13e-06,0.113,0.584,115.884,190779.0,2.0
Here Without You,3 Doors Down,708517010.0,370630.0,alternative metal,0.557,0.533,10.0,-6.817,0.0,0.0252,0.0492,0.0,0.205,0.233,143.994,238733.0,10.0
The Sweet Escape,Gwen Stefani,708078337.0,477164.0,dance pop,0.756,0.77,1.0,-3.502,1.0,0.0343,0.191,0.0,0.178,0.73,119.961,246467.0,1.0
Still Don't Know My Name,Labrinth,707848637.0,290090.0,indie poptimism,0.316,0.63,5.0,-5.963,1.0,0.117,0.471,0.262,0.205,0.313,89.643,153294.0,5.0
oui,Jeremih,707700991.0,262817.0,chicago rap,0.418,0.724,5.0,-3.724,1.0,0.0964,0.213,0.0,0.112,0.604,78.521,238320.0,5.0
Free Bird,Lynyrd Skynyrd,706299617.0,335538.0,album rock,0.249,0.834,0.0,-8.21,1.0,0.0577,0.0738,9.48e-05,0.0924,0.338,118.223,547107.0,0.0
Best Friend,Rex Orange County,705561109.0,227650.0,bedroom pop,0.576,0.714,6.0,-5.247,1.0,0.0595,0.395,0.0,0.115,0.321,144.981,262231.0,6.0
At My Worst,Pink Sweat$,704247194.0,200290.0,bedroom soul,0.813,0.415,0.0,-5.926,1.0,0.0349,0.777,0.0,0.131,0.667,91.921,170345.0,0.0
Here With Me,Marshmello,703508620.0,168656.0,brostep,0.791,0.565,5.0,-3.933,0.0,0.0439,0.0623,0.0,0.156,0.181,99.961,156347.0,5.0
Eenie Meenie,Sean Kingston,700123248.0,485404.0,dance pop,0.734,0.639,1.0,-3.241,1.0,0.0316,0.0348,0.0,0.102,0.836,121.212,201653.0,1.0
Little Dark Age,MGMT,695714720.0,339215.0,alternative rock,0.705,0.712,6.0,-6.156,1.0,0.0385,0.0102,0.000855,0.1,0.62,97.512,299960.0,6.0
METAMORPHOSIS,INTERWORLD,694883793.0,387296.0,phonk brasileiro,0.593,0.641,7.0,-12.727,0.0,0.0992,0.426,0.901,0.122,0.147,175.014,142839.0,7.0
Fly Me To The Moon (In Other Words),Frank Sinatra,694675724.0,336443.0,adult standards,0.668,0.26,7.0,-14.256,1.0,0.0523,0.453,0.0,0.0621,0.368,119.416,147000.0,7.0
brutal,Olivia Rodrigo,692622712.0,338024.0,pop,0.672,0.526,4.0,-6.446,1.0,0.0599,0.0311,1.37e-06,0.28,0.28,123.999,143747.0,4.0
Please Don't Go,Joel Adams,688831735.0,69149.0,australian pop,0.513,0.768,4.0,-4.868,0.0,0.0587,0.0118,1.94e-05,0.294,0.235,84.264,210580.0,4.0
Boyfriend,Dove Cameron,686789547.0,278932.0,pop,0.345,0.612,7.0,-6.543,0.0,0.0608,0.232,0.0,0.194,0.232,179.773,153000.0,7.0
Notion,The Rare Occasions,686441534.0,505068.0,la indie,0.309,0.883,9.0,-3.825,1.0,0.0808,0.0673,0.00111,0.0849,0.312,159.488,195121.0,9.0
Mount Everest,Labrinth,685162371.0,538665.0,indie poptimism,0.494,0.428,0.0,-7.239,0.0,0.205,0.236,0.0698,0.0816,0.44,87.724,157497.0,0.0
Bleed It Out,Linkin Park,682661733.0,672465.0,alternative metal,0.529,0.967,1.0,-3.647,0.0,0.0508,0.114,0.0,0.61,0.596,140.127,166373.0,1.0
(I Just) Died In Your Arms,Cutting Crew,681841087.0,477899.0,album rock,0.625,0.726,11.0,-11.402,0.0,0.0444,0.0158,0.000169,0.0625,0.507,124.945,280400.0,11.0
Rasputin,Majestic,679845851.0,546851.0,uk dance,0.758,0.913,6.0,-2.926,0.0,0.113,0.00364,6.92e-05,0.193,0.658,128.04,186210.0,6.0
Naked,James Arthur,678134856.0,184916.0,pop,0.525,0.61,6.0,-6.793,1.0,0.0404,0.084,0.0,0.0572,0.293,101.875,233400.0,6.0
Go Fuck Yourself,Two Feet,675943930.0,165294.0,indie poptimism,0.765,0.327,6.0,-8.029,1.0,0.277,0.571,0.0479,0.0787,0.292,74.931,129600.0,6.0
Paparazzi,Lady Gaga,673717047.0,518317.0,art pop,0.762,0.692,5.0,-3.973,0.0,0.0438,0.113,0.0,0.094,0.397,114.906,208307.0,5.0
Skinny Love,Bon Iver,668555855.0,238621.0,chamber pop,0.592,0.263,4.0,-14.029,0.0,0.0568,0.845,5.68e-06,0.127,0.109,76.366,238520.0,4.0
Gold,Kiiara,663962834.0,103660.0,alt z,0.6,0.412,8.0,-9.343,1.0,0.344,0.615,0.0025,0.134,0.408,113.049,225882.0,8.0
Lonely Day,System Of A Down,663841029.0,743466.0,alternative metal,0.47,0.796,8.0,-3.277,0.0,0.0336,0.362,1.1e-06,0.133,0.215,113.108,167907.0,8.0
Sanctuary,Joji,661296996.0,371608.0,viral pop,0.552,0.638,1.0,-7.474,1.0,0.11,0.387,0.00014,0.374,0.332,167.834,180019.0,1.0
Me and Your Mama,Childish Gambino,660262510.0,407626.0,atl hip hop,0.545,0.442,5.0,-12.111,1.0,0.0352,0.0104,0.0271,0.0664,0.242,118.073,379227.0,5.0
Can We Kiss Forever?,Kina,658636991.0,159507.0,sad lo-fi,0.522,0.128,4.0,-18.717,1.0,0.0357,0.894,0.026,0.0941,0.124,109.986,187932.0,4.0
This City,Sam Fischer,655347060.0,152306.0,australian pop,0.605,0.377,11.0,-6.213,1.0,0.0443,0.733,0.0,0.0808,0.519,73.877,194853.0,11.0
Reflections,The Neighbourhood,653546325.0,1069268.0,modern alternative rock,0.648,0.594,11.0,-7.027,0.0,0.0293,0.114,0.0462,0.116,0.544,113.983,244013.0,11.0
The Final Countdown,Europe,652985537.0,286727.0,album rock,0.529,0.843,6.0,-6.908,0.0,0.0616,0.0628,0.000827,0.0608,0.188,117.662,310333.0,6.0
"Alone, Pt. II",Alan Walker,652797158.0,296328.0,electro house,0.673,0.659,3.0,-4.493,0.0,0.0439,0.539,0.0,0.129,0.628,88.011,179053.0,3.0
Meet Me At Our Spot,THE ANXIETY,639751982.0,196550.0,modern alternative pop,0.773,0.47,2.0,-7.93,1.0,0.0299,0.0153,0.000193,0.0851,0.399,94.995,162680.0,2.0
Judas,Lady Gaga,639730878.0,936093.0,art pop,0.661,0.937,10.0,-3.83,0.0,0.0744,0.000967,1.59e-05,0.355,0.535,131.001,249067.0,10.0
Best Song Ever,One Direction,636370273.0,372745.0,boy band,0.652,0.877,1.0,-2.986,1.0,0.0465,0.0227,0.0,0.0789,0.486,118.491,200107.0,1.0
do re mi,blackbear,634509839.0,109514.0,pop,0.745,0.593,8.0,-6.35,1.0,0.0524,0.00522,5.06e-06,0.123,0.17,111.001,212027.0,8.0
Famous,Kanye West,633085759.0,148393.0,chicago rap,0.465,0.735,6.0,-3.715,1.0,0.117,0.0711,0.0,0.0975,0.409,173.935,196040.0,6.0
Monster (Shawn Mendes & Justin Bieber),Shawn Mendes,630542787.0,210822.0,canadian pop,0.652,0.383,2.0,-7.076,0.0,0.0516,0.0676,0.0,0.0828,0.549,145.765,178994.0,2.0
The Search,NF,629346460.0,302216.0,hip hop,0.789,0.789,2.0,-4.813,1.0,0.298,0.598,0.0,0.099,0.37,119.95,248053.0,2.0
Dancing With Your Ghost,Sasha Alex Sloan,626179126.0,361863.0,alt z,0.629,0.328,11.0,-8.284,1.0,0.029,0.768,2.5e-05,0.103,0.389,74.953,197732.0,11.0
Club Can't Handle Me,Flo Rida,624454836.0,345235.0,dance pop,0.616,0.869,0.0,-3.911,1.0,0.0327,0.0283,0.0,0.064,0.473,127.966,234560.0,0.0
Light Switch,Charlie Puth,623506167.0,179925.0,pop,0.689,0.627,6.0,-5.692,1.0,0.308,0.105,0.000321,0.0905,0.905,184.008,187704.0,6.0
Call You Mine,The Chainsmokers,623451681.0,77353.0,electropop,0.585,0.696,4.0,-5.6,0.0,0.0307,0.204,0.0,0.344,0.522,104.01,217640.0,4.0
Shinunoga E-Wa,Fujii Kaze,621141182.0,357512.0,japanese teen pop,0.6,0.76,6.0,-6.124,0.0,0.0452,0.166,4.09e-05,0.189,0.519,158.078,185573.0,6.0
Baba O'Riley,The Who,620432556.0,196232.0,album rock,0.489,0.724,5.0,-8.367,1.0,0.0352,0.313,0.185,0.287,0.15,117.292,300400.0,5.0
Run,OneRepublic,618989719.0,329381.0,piano rock,0.624,0.684,3.0,-5.507,0.0,0.0513,0.0336,0.0,0.0771,0.75,163.033,143265.0,3.0
Can We Kiss Forever?,Kina,617681058.0,179852.0,sad lo-fi,0.522,0.128,4.0,-18.717,1.0,0.0357,0.894,0.026,0.0941,0.124,109.986,187932.0,4.0
"Take Me Home, Country Roads",John Denver,617610631.0,215616.0,classic country pop,0.38,0.43,9.0,-12.564,1.0,0.0288,0.546,1.71e-05,0.188,0.547,82.204,197813.0,9.0
Put Your Records On,Ritt Momney,616816952.0,102779.0,bedroom pop,0.399,0.491,6.0,-10.778,0.0,0.0538,0.0563,0.00089,0.11,0.151,91.066,210463.0,6.0
Maniac,Michael Sembello,615659098.0,400490.0,hi-nrg,0.617,0.533,3.0,-11.516,0.0,0.0651,0.0891,4.04e-06,0.0415,0.835,158.86,244707.0,3.0
Geronimo,Sheppard,614472063.0,222842.0,australian indie,0.705,0.78,7.0,-6.267,1.0,0.0805,0.456,0.00152,0.115,0.457,142.028,218228.0,7.0
Lie,NF,613946532.0,235619.0,hip hop,0.513,0.661,5.0,-6.419,1.0,0.24,0.161,0.0,0.246,0.179,94.791,209213.0,5.0
Thunder,Gabry Ponte,613526358.0,352555.0,eurodance,0.67,0.896,1.0,-4.673,1.0,0.058,0.0342,3.21e-05,0.344,0.403,101.216,160000.0,1.0
Les,Childish Gambino,613175696.0,758840.0,atl hip hop,0.541,0.674,1.0,-7.04,0.0,0.0841,0.00649,9.76e-05,0.235,0.123,103.139,317293.0,1.0
Let's Groove,"Earth, Wind & Fire",611968400.0,256663.0,disco,0.869,0.648,11.0,-8.698,0.0,0.0633,0.121,2.17e-05,0.126,0.9,125.035,339320.0,11.0
I.F.L.Y.,Bazzi,610052394.0,95867.0,pop,0.812,0.519,2.0,-4.823,1.0,0.0385,0.379,0.0,0.13,0.554,104.954,165714.0,2.0
This Is America,Childish Gambino,607412669.0,93562.0,atl hip hop,0.854,0.463,5.0,-6.159,1.0,0.137,0.117,0.0,0.354,0.549,120.024,225773.0,5.0
Crank That (Soulja Boy),Soulja Boy,604695575.0,303212.0,atl hip hop,0.736,0.74,0.0,-2.18,1.0,0.0786,0.515,0.0,0.0468,0.803,140.141,221933.0,0.0
Life Goes On,Oliver Tree,597905679.0,166114.0,alternative hip hop,0.7,0.49,0.0,-5.187,1.0,0.076,0.186,0.0,0.117,0.569,79.982,161803.0,0.0
Jealous,Nick Jonas,594015606.0,343044.0,dance pop,0.7,0.701,11.0,-3.834,0.0,0.161,0.013,0.0,0.461,0.38,93.012,223107.0,11.0
Cool Kids,Echosmith,593897848.0,154985.0,electropop,0.719,0.671,8.0,-6.279,1.0,0.0336,0.0372,8.21e-06,0.12,0.786,130.027,237627.0,8.0
Bubblegum Bitch,MARINA,590431362.0,268078.0,metropopolis,0.495,0.856,0.0,-5.123,0.0,0.0311,0.000219,0.0,0.103,0.609,158.024,154667.0,0.0
All The Things She Said,t.A.T.u.,590372939.0,359270.0,dance pop,0.603,0.834,5.0,-5.766,0.0,0.0417,0.0411,0.00609,0.105,0.376,89.957,214440.0,5.0
Hollywood's Bleeding,Post Malone,589878713.0,182239.0,dfw rap,0.405,0.646,4.0,-3.206,0.0,0.0476,0.331,0.0,0.103,0.17,130.218,156267.0,4.0
Boyfriend,Justin Bieber,588818006.0,329233.0,canadian pop,0.717,0.55,10.0,-6.019,0.0,0.0521,0.0358,0.00196,0.126,0.332,96.976,171333.0,10.0
you were good to me,Jeremy Zucker,587612070.0,144694.0,alt z,0.561,0.0848,2.0,-15.099,1.0,0.0404,0.913,2.62e-05,0.112,0.206,102.128,219147.0,2.0
The Greatest Show,Hugh Jackman,585696649.0,196165.0,hollywood,0.417,0.824,11.0,-7.36,0.0,0.105,0.000239,0.0545,0.0725,0.4,157.92,302147.0,11.0
Make You Mine,PUBLIC,584428697.0,170745.0,indie rockism,0.606,0.799,9.0,-4.452,1.0,0.0261,0.0128,0.0,0.15,0.638,103.014,232907.0,9.0
Rockstar,Nickelback,584372420.0,292074.0,alternative metal,0.616,0.91,0.0,-3.004,1.0,0.0386,0.0459,0.0,0.343,0.693,144.072,252040.0,0.0
River,Bishop Briggs,582842608.0,274799.0,modern alternative rock,0.733,0.477,2.0,-6.737,0.0,0.0687,0.302,2.97e-06,0.0579,0.545,62.507,216133.0,2.0
A Million Dreams,Ziv Zaifman,581620839.0,255697.0,show tunes,0.265,0.312,7.0,-11.689,1.0,0.0569,0.243,0.0,0.0893,0.0998,54.747,269453.0,7.0
Heaven,Julia Michaels,579237226.0,170933.0,pop,0.552,0.371,7.0,-9.104,0.0,0.0359,0.857,0.0,0.0838,0.245,199.843,191787.0,7.0
Angel Baby,Troye Sivan,579179771.0,305011.0,australian pop,0.559,0.559,11.0,-6.425,1.0,0.0358,0.0145,0.0,0.138,0.338,72.498,220780.0,11.0
Rehab,Amy Winehouse,577578264.0,251534.0,british soul,0.407,0.558,0.0,-13.609,1.0,0.0552,0.0541,1.51e-06,0.34,0.777,71.815,214947.0,0.0
One Thing Right,Marshmello,575877372.0,299537.0,brostep,0.659,0.625,4.0,-2.253,1.0,0.045,0.0644,0.0,0.582,0.442,88.042,181824.0,4.0
Into It,Chase Atlantic,575470178.0,477555.0,alternative r&b,0.518,0.572,10.0,-6.706,0.0,0.0416,0.0503,2.41e-05,0.129,0.291,130.053,196767.0,10.0
Hell N Back,Bakar,574866618.0,434262.0,uk alternative hip hop,0.584,0.684,10.0,-4.314,0.0,0.567,0.312,9.05e-05,0.112,0.72,210.164,213573.0,10.0
Someone New,Hozier,568643832.0,428002.0,irish singer-songwriter,0.443,0.533,7.0,-5.956,1.0,0.0473,0.429,3.66e-06,0.332,0.596,183.791,222813.0,7.0
Johnny B. Goode,Chuck Berry,567913238.0,354474.0,blues,0.534,0.803,10.0,-9.129,1.0,0.0743,0.741,6.07e-05,0.307,0.969,167.983,161560.0,10.0
Turn Down for What,DJ Snake,565887279.0,113693.0,edm,0.818,0.799,1.0,-4.1,0.0,0.156,0.00107,0.128,0.057,0.0815,100.014,213733.0,1.0
HOLIDAY,Lil Nas X,564977172.0,85400.0,lgbtq+ hip hop,0.81,0.511,5.0,-6.924,0.0,0.164,0.12,0.0,0.0832,0.837,151.947,154998.0,5.0
Harleys In Hawaii,Katy Perry,561901755.0,299868.0,pop,0.721,0.751,10.0,-6.203,0.0,0.125,0.162,6.59e-06,0.118,0.738,140.095,185481.0,10.0
Reckless,Madison Beer,561202814.0,368445.0,pop,0.386,0.426,3.0,-6.642,1.0,0.0363,0.807,0.0,0.14,0.261,180.104,203385.0,3.0
Freaks,Timmy Trumpet,560308843.0,240348.0,australian dance,0.882,0.965,4.0,-0.818,1.0,0.13,0.0136,0.388,0.206,0.759,128.129,169160.0,4.0
My Ordinary Life,The Living Tombstone,559816077.0,243302.0,otacore,0.648,0.827,9.0,-4.78,0.0,0.042,0.00533,0.338,0.217,0.598,176.005,230895.0,9.0
Who Do You Love,The Chainsmokers,555133201.0,75115.0,electropop,0.51,0.846,3.0,-4.595,1.0,0.0461,0.0101,0.0,0.208,0.475,139.927,226733.0,3.0
IDK You Yet,Alexander 23,554413667.0,167822.0,alt z,0.648,0.308,1.0,-11.729,1.0,0.04,0.886,0.0774,0.124,0.198,76.997,184638.0,1.0
Water Fountain,Alec Benjamin,553330408.0,168208.0,alt z,0.723,0.504,8.0,-5.572,1.0,0.0392,0.388,7.4e-05,0.087,0.551,133.975,218893.0,8.0
Forever,Chris Brown,552455921.0,408894.0,r&b,0.672,0.82,11.0,-4.456,1.0,0.0459,0.0368,0.000188,0.184,0.438,120.005,278573.0,11.0
Trampoline,SHAED,551435465.0,134839.0,electropop,0.689,0.412,7.0,-7.523,0.0,0.0301,0.488,0.00016,0.0659,0.537,126.754,184060.0,7.0
Kiwi,Harry Styles,548349613.0,124279.0,pop,0.375,0.93,2.0,-2.631,1.0,0.0561,0.00064,0.0,0.318,0.491,147.124,176387.0,2.0
Heartbeat,Childish Gambino,547956000.0,562306.0,atl hip hop,0.8,0.545,1.0,-7.002,0.0,0.127,0.00369,0.000461,0.0445,0.294,119.954,269840.0,1.0
Chlorine,Twenty One Pilots,547028013.0,186410.0,modern rock,0.609,0.674,10.0,-7.388,0.0,0.0548,0.0735,0.06,0.345,0.315,90.009,324467.0,10.0
Falling Like The Stars,James Arthur,546066729.0,154688.0,pop,0.552,0.347,6.0,-9.542,1.0,0.0303,0.79,2.15e-06,0.111,0.173,113.809,211653.0,6.0
Feeling Whitney,Post Malone,543316870.0,136425.0,dfw rap,0.412,0.227,0.0,-12.696,1.0,0.0359,0.787,4.69e-06,0.282,0.226,80.111,257267.0,0.0
We Didn't Start the Fire,Billy Joel,539679233.0,245088.0,album rock,0.712,0.967,7.0,-5.206,1.0,0.047,0.0771,0.0,0.356,0.895,145.024,287733.0,7.0
Mess Is Mine,Vance Joy,537297298.0,346828.0,folk-pop,0.595,0.723,7.0,-8.256,1.0,0.0349,0.047,0.0286,0.0995,0.272,108.043,223640.0,7.0
Anywhere,Rita Ora,537171666.0,55190.0,dance pop,0.628,0.797,11.0,-3.953,0.0,0.0596,0.0364,0.0,0.104,0.321,106.93,215064.0,11.0
Slow Dancing in a Burning Room,John Mayer,535794322.0,362259.0,neo mellow,0.667,0.361,1.0,-8.69,0.0,0.0273,0.575,0.00506,0.0805,0.29,134.018,242000.0,1.0
Lemon Tree,Fools Garden,535420125.0,346374.0,german pop rock,0.663,0.477,1.0,-8.839,1.0,0.0414,0.644,0.0,0.122,0.643,143.173,191027.0,1.0
Pacify Her,Melanie Martinez,534688901.0,220719.0,alt z,0.576,0.593,9.0,-6.024,0.0,0.0306,0.0467,0.000767,0.237,0.373,157.993,220013.0,9.0
Tell Em,Cochise,530188345.0,202520.0,plugg,0.672,0.717,5.0,-7.476,1.0,0.226,0.103,0.0,0.398,0.473,157.905,180380.0,5.0
Daisy,Ashnikko,530183252.0,180793.0,alt z,0.834,0.663,8.0,-6.143,1.0,0.133,0.235,0.0,0.372,0.774,121.876,146523.0,8.0
Experience,Ludovico Einaudi,530096030.0,362927.0,bow pop,0.447,0.449,2.0,-10.634,1.0,0.0376,0.934,0.961,0.0697,0.036,92.468,315427.0,2.0
Who Says,Selena Gomez & The Scene,529152208.0,222961.0,pop,0.682,0.927,4.0,-2.915,1.0,0.0479,0.0843,0.0,0.149,0.744,101.019,195613.0,4.0
Close Eyes,DVRST,528863000.0,181026.0,chill phonk,0.784,0.572,0.0,-9.853,1.0,0.0573,0.0748,0.843,0.139,0.209,96.181,132346.0,0.0
Boogie Wonderland,"Earth, Wind & Fire",528529195.0,422015.0,disco,0.802,0.756,2.0,-10.791,0.0,0.0349,0.0843,0.00765,0.0521,0.963,131.715,288293.0,2.0
Right Now (Na Na Na),Akon,525841967.0,493853.0,dance pop,0.832,0.87,8.0,-4.2,0.0,0.167,0.267,0.0,0.412,0.566,138.003,240747.0,8.0
I Lived,OneRepublic,525795582.0,248632.0,piano rock,0.599,0.854,9.0,-5.429,1.0,0.0436,0.0746,0.0,0.278,0.311,119.986,234547.0,9.0
this is what falling in love feels like,JVKE,525482250.0,327597.0,modern indie pop,0.422,0.44,11.0,-5.53,1.0,0.0544,0.617,0.0,0.0837,0.332,128.934,120308.0,11.0
BURN IT DOWN,Linkin Park,523937056.0,411360.0,alternative metal,0.585,0.972,9.0,-4.45,0.0,0.0534,0.0143,0.0,0.0707,0.585,110.006,230253.0,9.0
SUGAR,BROCKHAMPTON,523268321.0,103212.0,boy band,0.453,0.538,1.0,-8.212,1.0,0.0638,0.449,0.0,0.19,0.516,122.973,204533.0,1.0
Left Hand Free,alt-J,521418495.0,295340.0,indie rock,0.697,0.877,3.0,-4.465,1.0,0.0462,0.462,0.00943,0.083,0.802,101.99,173631.0,3.0
